model, normalized_rmse
Model 14, 0.8722199648605399
Model 15, 0.5646745425613017
Model 16, 0.5551270137287663
Model 17, 0.5491358693925369
